{
    "results": [
        {
            "NeedDemographicUpdate": true,
            "Errors": null,

        "screenPopLinkInfo": "http://10.3.74.119/openemr/interface/patient_file/summary/demographics.php?set_pid=1",
        "Name": "Johns Sarah",
        "DateOfBirth": "2007-12-25 00:00:00",
              "SSN": "***-**-5428",
              "MRN": "3755428",
        "PhoneNumber": "+1 214 701 5489",
        "PhotoUrl": "img/user2.png",
        "PrimaryCareProvider": {
        "Name": "Rohit Potaraju, MD",
        "Phone": "+1 202 456 7890"
        },
        "Address": {
        "Line1": "3453 T Ave",
        "Line2": "Fort Worth, TX 76179, USA"
        },
        "TreatmentTeam": [
        ],
        "Provider": [
        {
          "Name": "United Healthcare (UHC Parkway, GA,66552)",
          "PhoneNumber": "+1 216 411 8765"
        }
        ],
        "InsuranceVerification": {
        "InsuranceName": "Johns Sarah",
        "GroupNum": "#45ABC",
        "NetworkNum": "#45ABC",
        "PolicyNum": "#022141242",
        "IssueDate": "20-Aug-2016 00:00:00"
        },
        "Vitals": {
        "Height": 168,
        "Weight": 78,
        "RespirationRate": 58,
        "BMI": 53.2,
        "Pulse": 210,
        "BloodPressureLo": 127,
        "BloodPressureHi": 145
        },
        "Physician": {
        "Name": "Rohit Potaraju, MD",
        "Clinic": "Clarit Clinic",
        "Specialty": "PCP",
        "EmergencyPhone": "+1 800 111 2222",
        "PrimaryPhone": "+1 212 234 5678"
        },
        "Status": {
        "Email": "john.doe@gmail.com",
        "Race": "White",
        "Ethnicity": "Not Hispanic Or Latino",
        "Religion": "Christian (non-Catholic, non-Specific)",
        "MaritalStatus": "Married",
        "EmergencyContact": {
          "Relation": "Wife",
          "Name": "Sarah Doe",
          "Phone": "+1 214 701 5489"
        }
        },
        "Location": {
        "DropdownRecords": [
          {
          "Name": "Patient Geo Location",
          "Address": "1272 Belt Line Rd, Garland TX 75040",
          "Position": {"lat": 32.944827, "lng": -96.645879},
          "Phone": "+1 202 456 7890",
          "Hours": "N / A",
          "Markers":[
            {
            "Name": "Patient Geo Location"
            , "Address": "1272 Belt Line Rd, Garland TX 75040"
            , "Position": {"lat": 32.944827, "lng": -96.645879}
            }
          ]
          },
          {
          "Name": "Pharmacies In Area",
          "Address": "1272 Belt Line Rd, Garland TX 75040",
          "Position": {"lat": 32.944827, "lng": -96.645879},
          "Phone": "+1 (972) 495-1933",
          "Hours": "Open 9 AM to 10 PM",
          "Markers":[
            {
            "Name": "CVS Pharmacy"
            , "Address": "1372 Belt Line Rd"
            , "Position": {"lat": 32.944527, "lng": -96.646960}
            } ,
            {
            "Name": "Walmart Pharmacy"
            , "Address": "101 W Buckingham Rd"
            , "Position": {"lat": 32.932013, "lng": -96.631611}
            } ,
            {
            "Name": "Walgreens"
            , "Address": "2614 Lavon Dr"
            , "Position": {"lat": 32.939566, "lng": -96.621946}
            } ,
            {
            "Name": "Walgreens"
            , "Address": "1902 N Jupiter Rd"
            , "Position": {"lat": 32.930183, "lng": -96.682285}
            } ,
            {
            "Name": "CVS Pharmacy - Target"
            , "Address": "5301 N Garland Ave"
            , "Position": {"lat": 32.965650, "lng": -96.646806}
            } ,
            {
            "Name": "Walmart Pharmacy"
            , "Address": "5302 N Garland Ave"
            , "Position": {"lat": 32.962346, "lng": -96.642499}
            }
          ]
          },
          {
          "Name": "Hospitals In Area",
          "Address": "7 Medical Pkwy, Dallas, TX 75234",
          "Position": {"lat": 32.944827, "lng": -96.645879},
          "Phone": "+(972) 888-7000",
          "Hours": "Open 9AM to 9PM",
          "Markers":[
            {
            "Name": "Baylor Scott & White Medical Center"
            , "Address": "2300 Marie Curie Blvd"
            , "Position": {"lat": 32.918755, "lng": -96.661963}
            } ,
            {
            "Name": "Select Specialty Hospital - Dallas Garland"
            , "Address": "2300 Marie Curie Drive Floors 3E & 3W"
            , "Position": {"lat": 32.918793, "lng": -96.662041}
            } ,
            {
            "Name": "Children's Health Pediatric Group Garland"
            , "Address": "455 N Garland Ave"
            , "Position": {"lat": 28.548467, "lng": -81.381385}
            },
            {
            "Name": "Sundance Hospital Dallas"
            , "Address": "2696 W Walnut St"
            , "Position": {"lat": 32.913402, "lng": -96.670117}
            }
          ]
          }
        ]
        },
            "Appointments": [
                {
                    "Date": "2023-04-29",
                    "IsSurgery": false,
                    "Time": " 9:00 AM",
                    "CancelType": 1,
                    "CancelRequestSent": false,
                    "Duration": 15,
                    "ConfirmInstant": null,
                    "PatientInstructions": [
                        "Please bring any insurance information and a copayment if required by your insurance company."
                    ],
                    "SurgeryTimeOfDay": null,
                    "ArrivalTime": null,
                    "ArrivalReason": null,
                    "CanConfirm": false,
                    "ContactIDs": [
                        {
                            "ID": "54937.98",
                            "Type": "DAT"
                        },
                        {
                            "ID": "21540",
                            "Type": "ASN"
                        },
                        {
                            "ID": "21540",
                            "Type": "CSN"
                        },
                        {
                            "ID": "",
                            "Type": "UCI"
                        }
                    ],
                    "ProviderDepartments": [
                        {
                            "Provider": {
                                "Name": "Physician Endocrinology, MD",
                                "PhotoURL": "",
                                "WebsiteURL": null,
                                "IDs": [
                                    {
                                        "ID": "1041",
                                        "Type": "PROVID"
                                    },
                                    {
                                        "ID": "TEMP1041",
                                        "Type": "SPI"
                                    },
                                    {
                                        "ID": "1104199991",
                                        "Type": "#60"
                                    },
                                    {
                                        "ID": "207RE0101X",
                                        "Type": "TAXSER"
                                    },
                                    {
                                        "ID": "   E1041",
                                        "Type": "Internal"
                                    },
                                    {
                                        "ID": "E1041",
                                        "Type": "External"
                                    }
                                ]
                            },
                            "Department": {
                                "Name": "EMC Endocrinology",
                                "LocationInstructions": [],
                                "IDs": [
                                    {
                                        "ID": "10501123",
                                        "Type": "Internal"
                                    },
                                    {
                                        "ID": "10501123",
                                        "Type": "External"
                                    }
                                ],
                                "Address": {
                                    "StreetAddress": [
                                        "123 Anywhere Street"
                                    ],
                                    "City": "VERONA",
                                    "PostalCode": "53593-9179",
                                    "HouseNumber": "",
                                    "State": {
                                        "Number": "50",
                                        "Title": "Wisconsin",
                                        "Abbreviation": "WI"
                                    },
                                    "Country": {
                                        "Number": "1",
                                        "Title": "United States of America",
                                        "Abbreviation": "US"
                                    },
                                    "District": {
                                        "Number": "",
                                        "Title": "",
                                        "Abbreviation": ""
                                    },
                                    "County": {
                                        "Number": "467",
                                        "Title": "DANE",
                                        "Abbreviation": "DANE"
                                    }
                                },
                                "Specialty": {
                                    "Number": "7",
                                    "Title": "Endocrinology",
                                    "Abbreviation": "Endo",
                                    "ExternalName": ""
                                },
                                "OfficialTimeZone": {
                                    "Number": "5",
                                    "Title": "America/Chicago",
                                    "Abbreviation": "America/CHI"
                                },
                                "Phones": [
                                    {
                                        "Type": "General",
                                        "Number": "555-555-5555"
                                    },
                                    {
                                        "Type": "Scheduling",
                                        "Number": ""
                                    }
                                ]
                            }
                        }
                    ],
                    "Copay": null,
                    "eCheckInStatus": {
                        "Barcode": "",
                        "DateAvailable": "2023-04-22",
                        "Status": {
                            "Number": "2",
                            "Title": "Not Yet Available",
                            "Abbreviation": "Not Avail"
                        },
                        "eCheckInSteps": []
                    },
                    "Questionnaires": [
                        {
                            "Name": "Endocrinology History",
                            "Type": "History",
                            "Status": "New",
                            "IDs": [
                                {
                                    "ID": "100183",
                                    "Type": "Internal"
                                },
                                {
                                    "ID": "100183",
                                    "Type": "External"
                                }
                            ],
                            "Context": {
                                "Name": "department",
                                "Token": "10501123"
                            }
                        }
                    ],
                    "VisitType": {
                        "Name": "Office Visit",
                        "IDs": [
                            {
                                "ID": "    1004",
                                "Type": "Internal"
                            },
                            {
                                "ID": "1004",
                                "Type": "External"
                            }
                        ],
                        "Groupers": {
                            "ReportGroupersFreeText": [
                                {
                                    "Key": "4500",
                                    "Value": ""
                                },
                                {
                                    "Key": "4501",
                                    "Value": ""
                                },
                                {
                                    "Key": "4502",
                                    "Value": ""
                                },
                                {
                                    "Key": "4503",
                                    "Value": ""
                                },
                                {
                                    "Key": "4504",
                                    "Value": ""
                                }
                            ],
                            "ReportGroupersCategory": [
                                {
                                    "Key": "4505",
                                    "Value": {
                                        "ID": "",
                                        "Title": "",
                                        "Abbreviation": "",
                                        "CID": ""
                                    }
                                },
                                {
                                    "Key": "4506",
                                    "Value": {
                                        "ID": "",
                                        "Title": "",
                                        "Abbreviation": "",
                                        "CID": ""
                                    }
                                },
                                {
                                    "Key": "4507",
                                    "Value": {
                                        "ID": "",
                                        "Title": "",
                                        "Abbreviation": "",
                                        "CID": ""
                                    }
                                },
                                {
                                    "Key": "4508",
                                    "Value": {
                                        "ID": "",
                                        "Title": "",
                                        "Abbreviation": "",
                                        "CID": ""
                                    }
                                },
                                {
                                    "Key": "4509",
                                    "Value": {
                                        "ID": "",
                                        "Title": "",
                                        "Abbreviation": "",
                                        "CID": ""
                                    }
                                },
                                {
                                    "Key": "4510",
                                    "Value": {
                                        "ID": "",
                                        "Title": "",
                                        "Abbreviation": "",
                                        "CID": ""
                                    }
                                },
                                {
                                    "Key": "4511",
                                    "Value": {
                                        "ID": "",
                                        "Title": "",
                                        "Abbreviation": "",
                                        "CID": ""
                                    }
                                },
                                {
                                    "Key": "4512",
                                    "Value": {
                                        "ID": "",
                                        "Title": "",
                                        "Abbreviation": "",
                                        "CID": ""
                                    }
                                },
                                {
                                    "Key": "4513",
                                    "Value": {
                                        "ID": "",
                                        "Title": "",
                                        "Abbreviation": "",
                                        "CID": ""
                                    }
                                },
                                {
                                    "Key": "4514",
                                    "Value": {
                                        "ID": "",
                                        "Title": "",
                                        "Abbreviation": "",
                                        "CID": ""
                                    }
                                },
                                {
                                    "Key": "4515",
                                    "Value": {
                                        "ID": "",
                                        "Title": "",
                                        "Abbreviation": "",
                                        "CID": ""
                                    }
                                },
                                {
                                    "Key": "4516",
                                    "Value": {
                                        "ID": "",
                                        "Title": "",
                                        "Abbreviation": "",
                                        "CID": ""
                                    }
                                },
                                {
                                    "Key": "4517",
                                    "Value": {
                                        "ID": "",
                                        "Title": "",
                                        "Abbreviation": "",
                                        "CID": ""
                                    }
                                },
                                {
                                    "Key": "4518",
                                    "Value": {
                                        "ID": "",
                                        "Title": "",
                                        "Abbreviation": "",
                                        "CID": ""
                                    }
                                },
                                {
                                    "Key": "4519",
                                    "Value": {
                                        "ID": "",
                                        "Title": "",
                                        "Abbreviation": "",
                                        "CID": ""
                                    }
                                }
                            ]
                        }
                    }
                },
                {
                    "Date": "2023-04-29",
                    "IsSurgery": false,
                    "Time": " 9:00 AM",
                    "CancelType": 1,
                    "CancelRequestSent": false,
                    "Duration": 15,
                    "ConfirmInstant": null,
                    "PatientInstructions": [
                        "Please bring any insurance information and a copayment if required by your insurance company."
                    ],
                    "SurgeryTimeOfDay": null,
                    "ArrivalTime": null,
                    "ArrivalReason": null,
                    "CanConfirm": false,
                    "ContactIDs": [
                        {
                            "ID": "54937.93",
                            "Type": "DAT"
                        },
                        {
                            "ID": "21535",
                            "Type": "ASN"
                        },
                        {
                            "ID": "21535",
                            "Type": "CSN"
                        },
                        {
                            "ID": "",
                            "Type": "UCI"
                        }
                    ],
                    "ProviderDepartments": [
                        {
                            "Provider": {
                                "Name": "Physician Gastroenterology, MD",
                                "PhotoURL": "",
                                "WebsiteURL": null,
                                "IDs": [
                                    {
                                        "ID": "1004",
                                        "Type": "PROVID"
                                    },
                                    {
                                        "ID": "TEMP1004",
                                        "Type": "SPI"
                                    },
                                    {
                                        "ID": "1100499999",
                                        "Type": "#60"
                                    },
                                    {
                                        "ID": "207RG0100X",
                                        "Type": "TAXSER"
                                    },
                                    {
                                        "ID": "   E1004",
                                        "Type": "Internal"
                                    },
                                    {
                                        "ID": "E1004",
                                        "Type": "External"
                                    }
                                ]
                            },
                            "Department": {
                                "Name": "EMC Gastroenterology",
                                "LocationInstructions": [],
                                "IDs": [
                                    {
                                        "ID": "10501102",
                                        "Type": "Internal"
                                    },
                                    {
                                        "ID": "10501102",
                                        "Type": "External"
                                    }
                                ],
                                "Address": {
                                    "StreetAddress": [
                                        "123 Anywhere Street"
                                    ],
                                    "City": "VERONA",
                                    "PostalCode": "53593-9179",
                                    "HouseNumber": "",
                                    "State": {
                                        "Number": "50",
                                        "Title": "Wisconsin",
                                        "Abbreviation": "WI"
                                    },
                                    "Country": {
                                        "Number": "1",
                                        "Title": "United States of America",
                                        "Abbreviation": "US"
                                    },
                                    "District": {
                                        "Number": "",
                                        "Title": "",
                                        "Abbreviation": ""
                                    },
                                    "County": {
                                        "Number": "467",
                                        "Title": "DANE",
                                        "Abbreviation": "DANE"
                                    }
                                },
                                "Specialty": {
                                    "Number": "10",
                                    "Title": "Gastroenterology",
                                    "Abbreviation": "GI",
                                    "ExternalName": ""
                                },
                                "OfficialTimeZone": {
                                    "Number": "5",
                                    "Title": "America/Chicago",
                                    "Abbreviation": "America/CHI"
                                },
                                "Phones": [
                                    {
                                        "Type": "General",
                                        "Number": "555-555-5555"
                                    },
                                    {
                                        "Type": "Scheduling",
                                        "Number": ""
                                    }
                                ]
                            }
                        }
                    ],
                    "Copay": null,
                    "eCheckInStatus": {
                        "Barcode": "",
                        "DateAvailable": "2023-04-22",
                        "Status": {
                            "Number": "2",
                            "Title": "Not Yet Available",
                            "Abbreviation": "Not Avail"
                        },
                        "eCheckInSteps": []
                    },
                    "Questionnaires": [
                        {
                            "Name": "Gastroenterology History",
                            "Type": "History",
                            "Status": "New",
                            "IDs": [
                                {
                                    "ID": "1010000013",
                                    "Type": "Internal"
                                },
                                {
                                    "ID": "1010000013",
                                    "Type": "External"
                                }
                            ],
                            "Context": {
                                "Name": "department",
                                "Token": "10501102"
                            }
                        }
                    ],
                    "VisitType": {
                        "Name": "Office Visit",
                        "IDs": [
                            {
                                "ID": "    1004",
                                "Type": "Internal"
                            },
                            {
                                "ID": "1004",
                                "Type": "External"
                            }
                        ],
                        "Groupers": {
                            "ReportGroupersFreeText": [
                                {
                                    "Key": "4500",
                                    "Value": ""
                                },
                                {
                                    "Key": "4501",
                                    "Value": ""
                                },
                                {
                                    "Key": "4502",
                                    "Value": ""
                                },
                                {
                                    "Key": "4503",
                                    "Value": ""
                                },
                                {
                                    "Key": "4504",
                                    "Value": ""
                                }
                            ],
                            "ReportGroupersCategory": [
                                {
                                    "Key": "4505",
                                    "Value": {
                                        "ID": "",
                                        "Title": "",
                                        "Abbreviation": "",
                                        "CID": ""
                                    }
                                },
                                {
                                    "Key": "4506",
                                    "Value": {
                                        "ID": "",
                                        "Title": "",
                                        "Abbreviation": "",
                                        "CID": ""
                                    }
                                },
                                {
                                    "Key": "4507",
                                    "Value": {
                                        "ID": "",
                                        "Title": "",
                                        "Abbreviation": "",
                                        "CID": ""
                                    }
                                },
                                {
                                    "Key": "4508",
                                    "Value": {
                                        "ID": "",
                                        "Title": "",
                                        "Abbreviation": "",
                                        "CID": ""
                                    }
                                },
                                {
                                    "Key": "4509",
                                    "Value": {
                                        "ID": "",
                                        "Title": "",
                                        "Abbreviation": "",
                                        "CID": ""
                                    }
                                },
                                {
                                    "Key": "4510",
                                    "Value": {
                                        "ID": "",
                                        "Title": "",
                                        "Abbreviation": "",
                                        "CID": ""
                                    }
                                },
                                {
                                    "Key": "4511",
                                    "Value": {
                                        "ID": "",
                                        "Title": "",
                                        "Abbreviation": "",
                                        "CID": ""
                                    }
                                },
                                {
                                    "Key": "4512",
                                    "Value": {
                                        "ID": "",
                                        "Title": "",
                                        "Abbreviation": "",
                                        "CID": ""
                                    }
                                },
                                {
                                    "Key": "4513",
                                    "Value": {
                                        "ID": "",
                                        "Title": "",
                                        "Abbreviation": "",
                                        "CID": ""
                                    }
                                },
                                {
                                    "Key": "4514",
                                    "Value": {
                                        "ID": "",
                                        "Title": "",
                                        "Abbreviation": "",
                                        "CID": ""
                                    }
                                },
                                {
                                    "Key": "4515",
                                    "Value": {
                                        "ID": "",
                                        "Title": "",
                                        "Abbreviation": "",
                                        "CID": ""
                                    }
                                },
                                {
                                    "Key": "4516",
                                    "Value": {
                                        "ID": "",
                                        "Title": "",
                                        "Abbreviation": "",
                                        "CID": ""
                                    }
                                },
                                {
                                    "Key": "4517",
                                    "Value": {
                                        "ID": "",
                                        "Title": "",
                                        "Abbreviation": "",
                                        "CID": ""
                                    }
                                },
                                {
                                    "Key": "4518",
                                    "Value": {
                                        "ID": "",
                                        "Title": "",
                                        "Abbreviation": "",
                                        "CID": ""
                                    }
                                },
                                {
                                    "Key": "4519",
                                    "Value": {
                                        "ID": "",
                                        "Title": "",
                                        "Abbreviation": "",
                                        "CID": ""
                                    }
                                }
                            ]
                        }
                    }
                },
                {
                    "Date": "2023-04-29",
                    "IsSurgery": false,
                    "Time": " 9:00 AM",
                    "CancelType": 1,
                    "CancelRequestSent": false,
                    "Duration": 15,
                    "ConfirmInstant": null,
                    "PatientInstructions": [
                        "Please bring any insurance information and a copayment if required by your insurance company."
                    ],
                    "SurgeryTimeOfDay": null,
                    "ArrivalTime": null,
                    "ArrivalReason": null,
                    "CanConfirm": false,
                    "ContactIDs": [
                        {
                            "ID": "54937.92",
                            "Type": "DAT"
                        },
                        {
                            "ID": "21534",
                            "Type": "ASN"
                        },
                        {
                            "ID": "21534",
                            "Type": "CSN"
                        },
                        {
                            "ID": "",
                            "Type": "UCI"
                        }
                    ],
                    "ProviderDepartments": [
                        {
                            "Provider": {
                                "Name": "Physician Infectious Disease, MD",
                                "PhotoURL": "",
                                "WebsiteURL": null,
                                "IDs": [
                                    {
                                        "ID": "1037",
                                        "Type": "PROVID"
                                    },
                                    {
                                        "ID": "TEMP1037",
                                        "Type": "SPI"
                                    },
                                    {
                                        "ID": "1103799999",
                                        "Type": "#60"
                                    },
                                    {
                                        "ID": "207RI0200X",
                                        "Type": "TAXSER"
                                    },
                                    {
                                        "ID": "   E1037",
                                        "Type": "Internal"
                                    },
                                    {
                                        "ID": "E1037",
                                        "Type": "External"
                                    }
                                ]
                            },
                            "Department": {
                                "Name": "EMC Infectious Disease",
                                "LocationInstructions": [],
                                "IDs": [
                                    {
                                        "ID": "10501129",
                                        "Type": "Internal"
                                    },
                                    {
                                        "ID": "10501129",
                                        "Type": "External"
                                    }
                                ],
                                "Address": {
                                    "StreetAddress": [
                                        "123 Anywhere Street"
                                    ],
                                    "City": "VERONA",
                                    "PostalCode": "53593-9179",
                                    "HouseNumber": "",
                                    "State": {
                                        "Number": "50",
                                        "Title": "Wisconsin",
                                        "Abbreviation": "WI"
                                    },
                                    "Country": {
                                        "Number": "1",
                                        "Title": "United States of America",
                                        "Abbreviation": "US"
                                    },
                                    "District": {
                                        "Number": "",
                                        "Title": "",
                                        "Abbreviation": ""
                                    },
                                    "County": {
                                        "Number": "467",
                                        "Title": "DANE",
                                        "Abbreviation": "DANE"
                                    }
                                },
                                "Specialty": {
                                    "Number": "16",
                                    "Title": "Infectious Diseases",
                                    "Abbreviation": "ID",
                                    "ExternalName": ""
                                },
                                "OfficialTimeZone": {
                                    "Number": "5",
                                    "Title": "America/Chicago",
                                    "Abbreviation": "America/CHI"
                                },
                                "Phones": [
                                    {
                                        "Type": "General",
                                        "Number": "555-555-5555"
                                    },
                                    {
                                        "Type": "Scheduling",
                                        "Number": ""
                                    }
                                ]
                            }
                        }
                    ],
                    "Copay": null,
                    "eCheckInStatus": {
                        "Barcode": "",
                        "DateAvailable": "2023-04-22",
                        "Status": {
                            "Number": "2",
                            "Title": "Not Yet Available",
                            "Abbreviation": "Not Avail"
                        },
                        "eCheckInSteps": []
                    },
                    "Questionnaires": [
                        {
                            "Name": "History of Infectious Disease",
                            "Type": "History",
                            "Status": "New",
                            "IDs": [
                                {
                                    "ID": "1370000018",
                                    "Type": "Internal"
                                },
                                {
                                    "ID": "1370000018",
                                    "Type": "External"
                                }
                            ],
                            "Context": {
                                "Name": "department",
                                "Token": "10501129"
                            }
                        }
                    ],
                    "VisitType": {
                        "Name": "Office Visit",
                        "IDs": [
                            {
                                "ID": "    1004",
                                "Type": "Internal"
                            },
                            {
                                "ID": "1004",
                                "Type": "External"
                            }
                        ],
                        "Groupers": {
                            "ReportGroupersFreeText": [
                                {
                                    "Key": "4500",
                                    "Value": ""
                                },
                                {
                                    "Key": "4501",
                                    "Value": ""
                                },
                                {
                                    "Key": "4502",
                                    "Value": ""
                                },
                                {
                                    "Key": "4503",
                                    "Value": ""
                                },
                                {
                                    "Key": "4504",
                                    "Value": ""
                                }
                            ],
                            "ReportGroupersCategory": [
                                {
                                    "Key": "4505",
                                    "Value": {
                                        "ID": "",
                                        "Title": "",
                                        "Abbreviation": "",
                                        "CID": ""
                                    }
                                },
                                {
                                    "Key": "4506",
                                    "Value": {
                                        "ID": "",
                                        "Title": "",
                                        "Abbreviation": "",
                                        "CID": ""
                                    }
                                },
                                {
                                    "Key": "4507",
                                    "Value": {
                                        "ID": "",
                                        "Title": "",
                                        "Abbreviation": "",
                                        "CID": ""
                                    }
                                },
                                {
                                    "Key": "4508",
                                    "Value": {
                                        "ID": "",
                                        "Title": "",
                                        "Abbreviation": "",
                                        "CID": ""
                                    }
                                },
                                {
                                    "Key": "4509",
                                    "Value": {
                                        "ID": "",
                                        "Title": "",
                                        "Abbreviation": "",
                                        "CID": ""
                                    }
                                },
                                {
                                    "Key": "4510",
                                    "Value": {
                                        "ID": "",
                                        "Title": "",
                                        "Abbreviation": "",
                                        "CID": ""
                                    }
                                },
                                {
                                    "Key": "4511",
                                    "Value": {
                                        "ID": "",
                                        "Title": "",
                                        "Abbreviation": "",
                                        "CID": ""
                                    }
                                },
                                {
                                    "Key": "4512",
                                    "Value": {
                                        "ID": "",
                                        "Title": "",
                                        "Abbreviation": "",
                                        "CID": ""
                                    }
                                },
                                {
                                    "Key": "4513",
                                    "Value": {
                                        "ID": "",
                                        "Title": "",
                                        "Abbreviation": "",
                                        "CID": ""
                                    }
                                },
                                {
                                    "Key": "4514",
                                    "Value": {
                                        "ID": "",
                                        "Title": "",
                                        "Abbreviation": "",
                                        "CID": ""
                                    }
                                },
                                {
                                    "Key": "4515",
                                    "Value": {
                                        "ID": "",
                                        "Title": "",
                                        "Abbreviation": "",
                                        "CID": ""
                                    }
                                },
                                {
                                    "Key": "4516",
                                    "Value": {
                                        "ID": "",
                                        "Title": "",
                                        "Abbreviation": "",
                                        "CID": ""
                                    }
                                },
                                {
                                    "Key": "4517",
                                    "Value": {
                                        "ID": "",
                                        "Title": "",
                                        "Abbreviation": "",
                                        "CID": ""
                                    }
                                },
                                {
                                    "Key": "4518",
                                    "Value": {
                                        "ID": "",
                                        "Title": "",
                                        "Abbreviation": "",
                                        "CID": ""
                                    }
                                },
                                {
                                    "Key": "4519",
                                    "Value": {
                                        "ID": "",
                                        "Title": "",
                                        "Abbreviation": "",
                                        "CID": ""
                                    }
                                }
                            ]
                        }
                    }
                },
                {
                    "Date": "2023-05-14",
                    "IsSurgery": false,
                    "Time": "10:00 AM",
                    "CancelType": 1,
                    "CancelRequestSent": false,
                    "Duration": 15,
                    "ConfirmInstant": null,
                    "PatientInstructions": [
                        "Please bring any insurance information and a copayment if required by your insurance company."
                    ],
                    "SurgeryTimeOfDay": null,
                    "ArrivalTime": "2023-05-14T10:00:00-05:00",
                    "ArrivalReason": "",
                    "CanConfirm": false,
                    "ContactIDs": [
                        {
                            "ID": "54923",
                            "Type": "DAT"
                        },
                        {
                            "ID": "21368",
                            "Type": "ASN"
                        },
                        {
                            "ID": "21368",
                            "Type": "CSN"
                        },
                        {
                            "ID": "",
                            "Type": "UCI"
                        }
                    ],
                    "ProviderDepartments": [
                        {
                            "Provider": {
                                "Name": "Family Medicine Physician, MD",
                                "PhotoURL": "",
                                "WebsiteURL": null,
                                "IDs": [
                                    {
                                        "ID": "1000",
                                        "Type": "PROVID"
                                    },
                                    {
                                        "ID": "6011",
                                        "Type": "SPI"
                                    },
                                    {
                                        "ID": "1627363736",
                                        "Type": "#60"
                                    },
                                    {
                                        "ID": "207Q00000X",
                                        "Type": "TAXSER"
                                    },
                                    {
                                        "ID": "   E1000",
                                        "Type": "Internal"
                                    },
                                    {
                                        "ID": "E1000",
                                        "Type": "External"
                                    }
                                ]
                            },
                            "Department": {
                                "Name": "EMC Family Medicine",
                                "LocationInstructions": [],
                                "IDs": [
                                    {
                                        "ID": "LABCORP123",
                                        "Type": "#74"
                                    },
                                    {
                                        "ID": "QUEST123",
                                        "Type": "#76"
                                    },
                                    {
                                        "ID": "10501101",
                                        "Type": "Internal"
                                    },
                                    {
                                        "ID": "10501101",
                                        "Type": "External"
                                    }
                                ],
                                "Address": {
                                    "StreetAddress": [
                                        "123 Anywhere Street"
                                    ],
                                    "City": "VERONA",
                                    "PostalCode": "53593-9179",
                                    "HouseNumber": "",
                                    "State": {
                                        "Number": "50",
                                        "Title": "Wisconsin",
                                        "Abbreviation": "WI"
                                    },
                                    "Country": {
                                        "Number": "1",
                                        "Title": "United States of America",
                                        "Abbreviation": "US"
                                    },
                                    "District": {
                                        "Number": "",
                                        "Title": "",
                                        "Abbreviation": ""
                                    },
                                    "County": {
                                        "Number": "467",
                                        "Title": "DANE",
                                        "Abbreviation": "DANE"
                                    }
                                },
                                "Specialty": {
                                    "Number": "9",
                                    "Title": "Family Medicine",
                                    "Abbreviation": "Fam Med",
                                    "ExternalName": ""
                                },
                                "OfficialTimeZone": {
                                    "Number": "5",
                                    "Title": "America/Chicago",
                                    "Abbreviation": "America/CHI"
                                },
                                "Phones": [
                                    {
                                        "Type": "General",
                                        "Number": "555-555-5555"
                                    },
                                    {
                                        "Type": "Scheduling",
                                        "Number": ""
                                    }
                                ]
                            }
                        }
                    ],
                    "Copay": null,
                    "eCheckInStatus": {
                        "Barcode": "",
                        "DateAvailable": "2023-05-07",
                        "Status": {
                            "Number": "2",
                            "Title": "Not Yet Available",
                            "Abbreviation": "Not Avail"
                        },
                        "eCheckInSteps": []
                    },
                    "Questionnaires": [
                        {
                            "Name": "Patient History",
                            "Type": "History",
                            "Status": "New",
                            "IDs": [
                                {
                                    "ID": "2101000003",
                                    "Type": "Internal"
                                },
                                {
                                    "ID": "2101000003",
                                    "Type": "External"
                                }
                            ],
                            "Context": {
                                "Name": "department",
                                "Token": "10501101"
                            }
                        }
                    ],
                    "VisitType": {
                        "Name": "Office Visit",
                        "IDs": [
                            {
                                "ID": "    1004",
                                "Type": "Internal"
                            },
                            {
                                "ID": "1004",
                                "Type": "External"
                            }
                        ],
                        "Groupers": {
                            "ReportGroupersFreeText": [
                                {
                                    "Key": "4500",
                                    "Value": ""
                                },
                                {
                                    "Key": "4501",
                                    "Value": ""
                                },
                                {
                                    "Key": "4502",
                                    "Value": ""
                                },
                                {
                                    "Key": "4503",
                                    "Value": ""
                                },
                                {
                                    "Key": "4504",
                                    "Value": ""
                                }
                            ],
                            "ReportGroupersCategory": [
                                {
                                    "Key": "4505",
                                    "Value": {
                                        "ID": "",
                                        "Title": "",
                                        "Abbreviation": "",
                                        "CID": ""
                                    }
                                },
                                {
                                    "Key": "4506",
                                    "Value": {
                                        "ID": "",
                                        "Title": "",
                                        "Abbreviation": "",
                                        "CID": ""
                                    }
                                },
                                {
                                    "Key": "4507",
                                    "Value": {
                                        "ID": "",
                                        "Title": "",
                                        "Abbreviation": "",
                                        "CID": ""
                                    }
                                },
                                {
                                    "Key": "4508",
                                    "Value": {
                                        "ID": "",
                                        "Title": "",
                                        "Abbreviation": "",
                                        "CID": ""
                                    }
                                },
                                {
                                    "Key": "4509",
                                    "Value": {
                                        "ID": "",
                                        "Title": "",
                                        "Abbreviation": "",
                                        "CID": ""
                                    }
                                },
                                {
                                    "Key": "4510",
                                    "Value": {
                                        "ID": "",
                                        "Title": "",
                                        "Abbreviation": "",
                                        "CID": ""
                                    }
                                },
                                {
                                    "Key": "4511",
                                    "Value": {
                                        "ID": "",
                                        "Title": "",
                                        "Abbreviation": "",
                                        "CID": ""
                                    }
                                },
                                {
                                    "Key": "4512",
                                    "Value": {
                                        "ID": "",
                                        "Title": "",
                                        "Abbreviation": "",
                                        "CID": ""
                                    }
                                },
                                {
                                    "Key": "4513",
                                    "Value": {
                                        "ID": "",
                                        "Title": "",
                                        "Abbreviation": "",
                                        "CID": ""
                                    }
                                },
                                {
                                    "Key": "4514",
                                    "Value": {
                                        "ID": "",
                                        "Title": "",
                                        "Abbreviation": "",
                                        "CID": ""
                                    }
                                },
                                {
                                    "Key": "4515",
                                    "Value": {
                                        "ID": "",
                                        "Title": "",
                                        "Abbreviation": "",
                                        "CID": ""
                                    }
                                },
                                {
                                    "Key": "4516",
                                    "Value": {
                                        "ID": "",
                                        "Title": "",
                                        "Abbreviation": "",
                                        "CID": ""
                                    }
                                },
                                {
                                    "Key": "4517",
                                    "Value": {
                                        "ID": "",
                                        "Title": "",
                                        "Abbreviation": "",
                                        "CID": ""
                                    }
                                },
                                {
                                    "Key": "4518",
                                    "Value": {
                                        "ID": "",
                                        "Title": "",
                                        "Abbreviation": "",
                                        "CID": ""
                                    }
                                },
                                {
                                    "Key": "4519",
                                    "Value": {
                                        "ID": "",
                                        "Title": "",
                                        "Abbreviation": "",
                                        "CID": ""
                                    }
                                }
                            ]
                        }
                    }
                },
                {
                    "Date": "2023-05-14",
                    "IsSurgery": false,
                    "Time": " 1:00 PM",
                    "CancelType": 2,
                    "CancelRequestSent": false,
                    "Duration": 15,
                    "ConfirmInstant": null,
                    "PatientInstructions": [
                        "Please bring any insurance information and a copayment if required by your insurance company."
                    ],
                    "SurgeryTimeOfDay": null,
                    "ArrivalTime": null,
                    "ArrivalReason": null,
                    "CanConfirm": false,
                    "ContactIDs": [
                        {
                            "ID": "54922.97",
                            "Type": "DAT"
                        },
                        {
                            "ID": "21365",
                            "Type": "ASN"
                        },
                        {
                            "ID": "21365",
                            "Type": "CSN"
                        },
                        {
                            "ID": "",
                            "Type": "UCI"
                        }
                    ],
                    "ProviderDepartments": [
                        {
                            "Provider": {
                                "Name": "Physician Psychiatry, MD",
                                "PhotoURL": "",
                                "WebsiteURL": null,
                                "IDs": [
                                    {
                                        "ID": "1044",
                                        "Type": "PROVID"
                                    },
                                    {
                                        "ID": "TEMP1044",
                                        "Type": "SPI"
                                    },
                                    {
                                        "ID": "1104499995",
                                        "Type": "#60"
                                    },
                                    {
                                        "ID": "2084P0800X",
                                        "Type": "TAXSER"
                                    },
                                    {
                                        "ID": "   E1044",
                                        "Type": "Internal"
                                    },
                                    {
                                        "ID": "E1044",
                                        "Type": "External"
                                    }
                                ]
                            },
                            "Department": {
                                "Name": "EMC Psychiatry",
                                "LocationInstructions": [],
                                "IDs": [
                                    {
                                        "ID": "10501110",
                                        "Type": "Internal"
                                    },
                                    {
                                        "ID": "10501110",
                                        "Type": "External"
                                    }
                                ],
                                "Address": {
                                    "StreetAddress": [
                                        "123 Anywhere Street"
                                    ],
                                    "City": "VERONA",
                                    "PostalCode": "53593-9179",
                                    "HouseNumber": "",
                                    "State": {
                                        "Number": "50",
                                        "Title": "Wisconsin",
                                        "Abbreviation": "WI"
                                    },
                                    "Country": {
                                        "Number": "1",
                                        "Title": "United States of America",
                                        "Abbreviation": "US"
                                    },
                                    "District": {
                                        "Number": "",
                                        "Title": "",
                                        "Abbreviation": ""
                                    },
                                    "County": {
                                        "Number": "467",
                                        "Title": "DANE",
                                        "Abbreviation": "DANE"
                                    }
                                },
                                "Specialty": {
                                    "Number": "37",
                                    "Title": "Psychiatry",
                                    "Abbreviation": "Psychiatry",
                                    "ExternalName": ""
                                },
                                "OfficialTimeZone": {
                                    "Number": "5",
                                    "Title": "America/Chicago",
                                    "Abbreviation": "America/CHI"
                                },
                                "Phones": [
                                    {
                                        "Type": "General",
                                        "Number": "555-555-5555"
                                    },
                                    {
                                        "Type": "Scheduling",
                                        "Number": ""
                                    }
                                ]
                            }
                        }
                    ],
                    "Copay": null,
                    "eCheckInStatus": {
                        "Barcode": "",
                        "DateAvailable": "2023-05-07",
                        "Status": {
                            "Number": "2",
                            "Title": "Not Yet Available",
                            "Abbreviation": "Not Avail"
                        },
                        "eCheckInSteps": []
                    },
                    "Questionnaires": [
                        {
                            "Name": "History - Psychiatry",
                            "Type": "History",
                            "Status": "New",
                            "IDs": [
                                {
                                    "ID": "2120026",
                                    "Type": "Internal"
                                },
                                {
                                    "ID": "2120026",
                                    "Type": "External"
                                }
                            ],
                            "Context": {
                                "Name": "department",
                                "Token": "10501110"
                            }
                        }
                    ],
                    "VisitType": {
                        "Name": "Office Visit",
                        "IDs": [
                            {
                                "ID": "    1004",
                                "Type": "Internal"
                            },
                            {
                                "ID": "1004",
                                "Type": "External"
                            }
                        ],
                        "Groupers": {
                            "ReportGroupersFreeText": [
                                {
                                    "Key": "4500",
                                    "Value": ""
                                },
                                {
                                    "Key": "4501",
                                    "Value": ""
                                },
                                {
                                    "Key": "4502",
                                    "Value": ""
                                },
                                {
                                    "Key": "4503",
                                    "Value": ""
                                },
                                {
                                    "Key": "4504",
                                    "Value": ""
                                }
                            ],
                            "ReportGroupersCategory": [
                                {
                                    "Key": "4505",
                                    "Value": {
                                        "ID": "",
                                        "Title": "",
                                        "Abbreviation": "",
                                        "CID": ""
                                    }
                                },
                                {
                                    "Key": "4506",
                                    "Value": {
                                        "ID": "",
                                        "Title": "",
                                        "Abbreviation": "",
                                        "CID": ""
                                    }
                                },
                                {
                                    "Key": "4507",
                                    "Value": {
                                        "ID": "",
                                        "Title": "",
                                        "Abbreviation": "",
                                        "CID": ""
                                    }
                                },
                                {
                                    "Key": "4508",
                                    "Value": {
                                        "ID": "",
                                        "Title": "",
                                        "Abbreviation": "",
                                        "CID": ""
                                    }
                                },
                                {
                                    "Key": "4509",
                                    "Value": {
                                        "ID": "",
                                        "Title": "",
                                        "Abbreviation": "",
                                        "CID": ""
                                    }
                                },
                                {
                                    "Key": "4510",
                                    "Value": {
                                        "ID": "",
                                        "Title": "",
                                        "Abbreviation": "",
                                        "CID": ""
                                    }
                                },
                                {
                                    "Key": "4511",
                                    "Value": {
                                        "ID": "",
                                        "Title": "",
                                        "Abbreviation": "",
                                        "CID": ""
                                    }
                                },
                                {
                                    "Key": "4512",
                                    "Value": {
                                        "ID": "",
                                        "Title": "",
                                        "Abbreviation": "",
                                        "CID": ""
                                    }
                                },
                                {
                                    "Key": "4513",
                                    "Value": {
                                        "ID": "",
                                        "Title": "",
                                        "Abbreviation": "",
                                        "CID": ""
                                    }
                                },
                                {
                                    "Key": "4514",
                                    "Value": {
                                        "ID": "",
                                        "Title": "",
                                        "Abbreviation": "",
                                        "CID": ""
                                    }
                                },
                                {
                                    "Key": "4515",
                                    "Value": {
                                        "ID": "",
                                        "Title": "",
                                        "Abbreviation": "",
                                        "CID": ""
                                    }
                                },
                                {
                                    "Key": "4516",
                                    "Value": {
                                        "ID": "",
                                        "Title": "",
                                        "Abbreviation": "",
                                        "CID": ""
                                    }
                                },
                                {
                                    "Key": "4517",
                                    "Value": {
                                        "ID": "",
                                        "Title": "",
                                        "Abbreviation": "",
                                        "CID": ""
                                    }
                                },
                                {
                                    "Key": "4518",
                                    "Value": {
                                        "ID": "",
                                        "Title": "",
                                        "Abbreviation": "",
                                        "CID": ""
                                    }
                                },
                                {
                                    "Key": "4519",
                                    "Value": {
                                        "ID": "",
                                        "Title": "",
                                        "Abbreviation": "",
                                        "CID": ""
                                    }
                                }
                            ]
                        }
                    }
                },
                {
                    "Date": "2023-05-14",
                    "IsSurgery": false,
                    "Time": " 2:00 PM",
                    "CancelType": 1,
                    "CancelRequestSent": false,
                    "Duration": 15,
                    "ConfirmInstant": null,
                    "PatientInstructions": [
                        "Please bring any insurance information and a copayment if required by your insurance company."
                    ],
                    "SurgeryTimeOfDay": null,
                    "ArrivalTime": null,
                    "ArrivalReason": null,
                    "CanConfirm": false,
                    "ContactIDs": [
                        {
                            "ID": "54922.98",
                            "Type": "DAT"
                        },
                        {
                            "ID": "21366",
                            "Type": "ASN"
                        },
                        {
                            "ID": "21366",
                            "Type": "CSN"
                        },
                        {
                            "ID": "",
                            "Type": "UCI"
                        }
                    ],
                    "ProviderDepartments": [
                        {
                            "Provider": {
                                "Name": "Physician Neurology, MD",
                                "PhotoURL": "",
                                "WebsiteURL": null,
                                "IDs": [
                                    {
                                        "ID": "1055",
                                        "Type": "PROVID"
                                    },
                                    {
                                        "ID": "TEMP1055",
                                        "Type": "SPI"
                                    },
                                    {
                                        "ID": "1105599991",
                                        "Type": "#60"
                                    },
                                    {
                                        "ID": "2084N0400X",
                                        "Type": "TAXSER"
                                    },
                                    {
                                        "ID": "   E1055",
                                        "Type": "Internal"
                                    },
                                    {
                                        "ID": "E1055",
                                        "Type": "External"
                                    }
                                ]
                            },
                            "Department": {
                                "Name": "EMC Neurology",
                                "LocationInstructions": [],
                                "IDs": [
                                    {
                                        "ID": "10501133",
                                        "Type": "Internal"
                                    },
                                    {
                                        "ID": "10501133",
                                        "Type": "External"
                                    }
                                ],
                                "Address": {
                                    "StreetAddress": [
                                        "123 Anywhere Street"
                                    ],
                                    "City": "VERONA",
                                    "PostalCode": "53593-9179",
                                    "HouseNumber": "",
                                    "State": {
                                        "Number": "50",
                                        "Title": "Wisconsin",
                                        "Abbreviation": "WI"
                                    },
                                    "Country": {
                                        "Number": "1",
                                        "Title": "United States of America",
                                        "Abbreviation": "US"
                                    },
                                    "District": {
                                        "Number": "",
                                        "Title": "",
                                        "Abbreviation": ""
                                    },
                                    "County": {
                                        "Number": "467",
                                        "Title": "DANE",
                                        "Abbreviation": "DANE"
                                    }
                                },
                                "Specialty": {
                                    "Number": "19",
                                    "Title": "Neurology",
                                    "Abbreviation": "Neurology",
                                    "ExternalName": ""
                                },
                                "OfficialTimeZone": {
                                    "Number": "5",
                                    "Title": "America/Chicago",
                                    "Abbreviation": "America/CHI"
                                },
                                "Phones": [
                                    {
                                        "Type": "General",
                                        "Number": "555-555-5555"
                                    },
                                    {
                                        "Type": "Scheduling",
                                        "Number": ""
                                    }
                                ]
                            }
                        }
                    ],
                    "Copay": null,
                    "eCheckInStatus": {
                        "Barcode": "",
                        "DateAvailable": "2023-05-07",
                        "Status": {
                            "Number": "2",
                            "Title": "Not Yet Available",
                            "Abbreviation": "Not Avail"
                        },
                        "eCheckInSteps": []
                    },
                    "Questionnaires": [
                        {
                            "Name": "Neurologic History",
                            "Type": "History",
                            "Status": "New",
                            "IDs": [
                                {
                                    "ID": "1420000003",
                                    "Type": "Internal"
                                },
                                {
                                    "ID": "1420000003",
                                    "Type": "External"
                                }
                            ],
                            "Context": {
                                "Name": "department",
                                "Token": "10501133"
                            }
                        }
                    ],
                    "VisitType": {
                        "Name": "Consultation",
                        "IDs": [
                            {
                                "ID": "    1001",
                                "Type": "Internal"
                            },
                            {
                                "ID": "1001",
                                "Type": "External"
                            }
                        ],
                        "Groupers": {
                            "ReportGroupersFreeText": [
                                {
                                    "Key": "4500",
                                    "Value": ""
                                },
                                {
                                    "Key": "4501",
                                    "Value": ""
                                },
                                {
                                    "Key": "4502",
                                    "Value": ""
                                },
                                {
                                    "Key": "4503",
                                    "Value": ""
                                },
                                {
                                    "Key": "4504",
                                    "Value": ""
                                }
                            ],
                            "ReportGroupersCategory": [
                                {
                                    "Key": "4505",
                                    "Value": {
                                        "ID": "",
                                        "Title": "",
                                        "Abbreviation": "",
                                        "CID": ""
                                    }
                                },
                                {
                                    "Key": "4506",
                                    "Value": {
                                        "ID": "",
                                        "Title": "",
                                        "Abbreviation": "",
                                        "CID": ""
                                    }
                                },
                                {
                                    "Key": "4507",
                                    "Value": {
                                        "ID": "",
                                        "Title": "",
                                        "Abbreviation": "",
                                        "CID": ""
                                    }
                                },
                                {
                                    "Key": "4508",
                                    "Value": {
                                        "ID": "",
                                        "Title": "",
                                        "Abbreviation": "",
                                        "CID": ""
                                    }
                                },
                                {
                                    "Key": "4509",
                                    "Value": {
                                        "ID": "",
                                        "Title": "",
                                        "Abbreviation": "",
                                        "CID": ""
                                    }
                                },
                                {
                                    "Key": "4510",
                                    "Value": {
                                        "ID": "",
                                        "Title": "",
                                        "Abbreviation": "",
                                        "CID": ""
                                    }
                                },
                                {
                                    "Key": "4511",
                                    "Value": {
                                        "ID": "",
                                        "Title": "",
                                        "Abbreviation": "",
                                        "CID": ""
                                    }
                                },
                                {
                                    "Key": "4512",
                                    "Value": {
                                        "ID": "",
                                        "Title": "",
                                        "Abbreviation": "",
                                        "CID": ""
                                    }
                                },
                                {
                                    "Key": "4513",
                                    "Value": {
                                        "ID": "",
                                        "Title": "",
                                        "Abbreviation": "",
                                        "CID": ""
                                    }
                                },
                                {
                                    "Key": "4514",
                                    "Value": {
                                        "ID": "",
                                        "Title": "",
                                        "Abbreviation": "",
                                        "CID": ""
                                    }
                                },
                                {
                                    "Key": "4515",
                                    "Value": {
                                        "ID": "",
                                        "Title": "",
                                        "Abbreviation": "",
                                        "CID": ""
                                    }
                                },
                                {
                                    "Key": "4516",
                                    "Value": {
                                        "ID": "",
                                        "Title": "",
                                        "Abbreviation": "",
                                        "CID": ""
                                    }
                                },
                                {
                                    "Key": "4517",
                                    "Value": {
                                        "ID": "",
                                        "Title": "",
                                        "Abbreviation": "",
                                        "CID": ""
                                    }
                                },
                                {
                                    "Key": "4518",
                                    "Value": {
                                        "ID": "",
                                        "Title": "",
                                        "Abbreviation": "",
                                        "CID": ""
                                    }
                                },
                                {
                                    "Key": "4519",
                                    "Value": {
                                        "ID": "",
                                        "Title": "",
                                        "Abbreviation": "",
                                        "CID": ""
                                    }
                                }
                            ]
                        }
                    }
                }
            ]
        }
    ]
}
